10, iterations complete, the Global best value identified is : ,1.89980500734 , With Co-Ordinates:,-1.06632003698,1.64047134947
30, iterations complete, the Global best value identified is : ,3.05814134335 , With Co-Ordinates:,-0.235296039219,2.27410090563
35, iterations complete, the Global best value identified is : ,2.21743492016 , With Co-Ordinates:,-0.430549631751,1.99134257734
5, iterations complete, the Global best value identified is : ,0.348201392367 , With Co-Ordinates:,2.12885695794,0.236137169653
12, iterations complete, the Global best value identified is : ,4.15356483259 , With Co-Ordinates:,1.03749723951,-0.0699844020364
16, iterations complete, the Global best value identified is : ,1.66058522782 , With Co-Ordinates:,-1.94923520268,1.30452318998
21, iterations complete, the Global best value identified is : ,0.282408302008 , With Co-Ordinates:,2.2384304637,0.177465368654
30, iterations complete, the Global best value identified is : ,0.192058777547 , With Co-Ordinates:,2.38677114391,0.225640089223
30, iterations complete, the Global best value identified is : ,1.86268125874 , With Co-Ordinates:,-0.638638805971,1.78422749471
10, iterations complete, the Global best value identified is : ,1.90146156382 , With Co-Ordinates:,1.48074449274,-0.0131587302906
