New global best found:1771.633125,New global best Co-Ordinates found:0.6,4.0
New global best found:43.38213876,New global best Co-Ordinates found:-0.6,-1.6
New global best found:22.20193989,New global best Co-Ordinates found:-0.1,-2.3
New global best found:9.94953125,New global best Co-Ordinates found:0.1,-2.5
New global best found:8.53378374255,New global best Co-Ordinates found:0.394627811571,-1.40620395526
New global best found:6.61773729147,New global best Co-Ordinates found:1.81184951365,-0.852292189311
New global best found:2.69160310291,New global best Co-Ordinates found:1.51603236899,-0.50228526914
New global best found:2.10531595491,New global best Co-Ordinates found:1.42960154601,-0.0364099914499
New global best found:2.01058998956,New global best Co-Ordinates found:1.45286377489,-0.0208573520418
New global best found:1.90146156382,New global best Co-Ordinates found:1.48074449274,-0.0131587302906
